configuration,train_views,surface,mae_m,rmse_m,median_ae_m,p90_ae_m,bias_m,valid_pixels
4_views,4,building,1.7757794289895825,2.2094025233780874,1.6457405090332031,3.187896728515625,-0.39303991648900793,27641
4_views,4,ground,2.394846123845373,3.130415472837713,2.166990280151367,4.550690078735353,0.4150305631873649,174555
4_views,4,vegetation,2.9991015161303562,3.832819657321512,2.4234790802001953,6.3187694549560565,-1.066179993684428,54699
8_views,8,building,0.8507787547068901,1.4807557879543138,0.44930267333984375,1.9183216094970703,0.26210689161703715,27641
8_views,8,ground,0.9053129711808378,1.692608204761922,0.33464813232421875,2.499447631835938,0.5816800977414013,174555
8_views,8,vegetation,3.134692796791434,4.001607014295488,2.592034339904785,6.549052047729493,-1.9343973760354318,54699
9_views,9,building,0.8690727223777585,1.4273254908131592,0.5149688720703125,1.8835926055908203,0.32883999660880164,27641
9_views,9,ground,0.8209787510332671,1.503278052769324,0.4224681854248047,2.1607074737548833,0.6335989568088094,174555
9_views,9,vegetation,3.1916191220712844,4.083427113553652,2.6226863861083984,6.708167076110841,-2.1369754510591945,54699
